pesticide,Ki_mean,Ki_median,Ki_hdi_low,Ki_hdi_high,Ki_sd,P_Ki_lt_5,P_Ki_lt_10,n_strains
BIFENTHRIN,18.308441783050643,20.286029461668658,5.503268884908675,30.88689716717212,8.946571457623502,0.0,0.25,4
DIAZINON,6.586974388291852,6.086294323866907,1.0371171148881677,15.508386888642995,4.545468733272842,0.372,0.852125,5
FLUPYRADIFURONE,10.372905048437602,10.462498528399033,1.8598608940780474,19.71691773729755,5.225441806981673,0.211,0.43825,1
IMIDACLOPRID,28.484284913474344,13.00155132065261,3.607223416229472,74.49084688544069,24.841903115562026,0.184125,0.455625,9
LAMBDACYHALOTHRIN,16.38579715792451,17.47172103990349,0.3930177440650443,31.045885624981928,10.263274173224934,0.25,0.25,5
MALATHION,17.399742159261805,14.134985026989675,4.755873039781483,34.48106591506644,9.871327336460416,0.05275,0.2845,12
PERMETHRIN,27.283139833188176,18.104401362840832,7.603949679986691,57.19920654505981,18.761567474598476,0.0,0.19525,4
