pesticide,Ki_mean,Ki_median,Ki_hdi_low,Ki_hdi_high,Ki_sd,P_Ki_lt_5,P_Ki_lt_10,n_strains
BIFENTHRIN,44.24227373802838,17.54743897501646,4.624010456620128,255.4680000527007,76.18497345870145,0.0326,0.30185,4
DIAZINON,9.042565855029883,9.318711806260612,0.06453841761822542,23.048383212745694,6.812469603689375,0.25055,0.5402,6
FLUPYRADIFURONE,7.342133838875441,5.867386325093162,3.03244410203188,13.818130827901129,3.5315305403608304,0.3448,0.71725,1
IMIDACLOPRID,5.931388154650481,4.8281907165946265,0.04948104464282106,16.129647144727134,5.4275941704965165,0.50495,0.74735,17
LAMBDACYHALOTHRIN,20.790691100639293,12.280864766723937,1.7441559451731738,68.35281014480859,20.78997383610158,0.25,0.37405,5
MALATHION,30.422754444173492,11.841520851280222,1.6253800157706702,167.5051547071275,49.80484627060874,0.0616,0.371,5
PERMETHRIN,21.292786118146978,14.78545138326663,0.887346864722984,56.02945522987953,18.770039404531335,0.25,0.32395,4
