{
  "prefit_feature_names": [
    "raw_delta_od",
    "raw_max_od",
    "raw_snr",
    "raw_monotone_fraction",
    "raw_baseline_std",
    "raw_baseline_mean",
    "n_points",
    "time_span",
    "is_control",
    "concentration_numeric"
  ],
  "postfit_feature_names": [
    "fit_r_squared",
    "fit_rmse",
    "fit_mae",
    "a_err_pct",
    "mu_err_pct",
    "snr",
    "delta_od",
    "max_od",
    "points_used",
    "gompertz_a",
    "gompertz_mu",
    "gompertz_lambda",
    "truncation_time",
    "baseline_std",
    "monotone_fraction",
    "residual_autocorr",
    "delta_od_ci_lower",
    "mu_over_a",
    "lambda_over_trunc_time",
    "rmse_over_delta_od",
    "err_product",
    "points_per_hour",
    "is_control",
    "concentration_numeric"
  ],
  "prefit_metrics": {
    "accuracy": 0.8821439325504367,
    "precision": 0.9679470457079153,
    "recall": 0.8562987012987013,
    "f1": 0.9081801923324841,
    "specificity": 0.9381538461538461,
    "accuracy_std": 0.016022666967863607,
    "precision_std": 0.01481931538533283,
    "recall_std": 0.03126378933412292,
    "f1_std": 0.014489836921931686,
    "specificity_std": 0.030543789498408306
  },
  "postfit_metrics": {
    "accuracy": 0.9951219512195122,
    "precision": 0.9964912280701753,
    "recall": 0.9964285714285716,
    "f1": 0.9964282866937733,
    "specificity": 0.9923076923076923,
    "accuracy_std": 0.00597436522630044,
    "precision_std": 0.007017543859649145,
    "recall_std": 0.007142857142857162,
    "f1_std": 0.00437472815046616,
    "specificity_std": 0.015384615384615375
  },
  "postfit_feature_importance": {},
  "training_date": "2026-04-09T01:37:59.772426",
  "n_training_samples": 582,
  "class_distribution": {
    "GOOD": 398,
    "BAD": 184
  },
  "model_type": "HistGradientBoostingClassifier"
}