group,A_group_mean,A_group_hdi_low,A_group_hdi_high,mu_group_mean,mu_group_hdi_low,mu_group_hdi_high,lam_group_mean,lam_group_hdi_low,lam_group_hdi_high
BIFENTHRIN,1.4505455266016516,1.1685917563615937,1.7358269930182582,0.09305551008954305,-0.23438079100221243,0.29946928190159766,2.1931611455753304,-2.531761589662848,7.912660301625173
FLUPYRADIFURONE,1.407136100319874,1.1181441289062688,1.7380368722515498,0.26107942207054247,-0.7369127985743097,0.8327399963704909,3.7265306540436507,-4.611910402698202,11.297756434396442
IMIDACLOPRID,1.5199568284249083,1.2625440408791475,1.858117058797989,0.06525741560001737,-0.1526853319127057,0.21906455128769953,1.6838339985557775,-3.74553276766465,6.070741753900975
LAMBDACYHALOTHRIN,1.4231679253252274,1.1911880173230636,1.6829894116924693,0.07222258397927847,-0.19577812892290913,0.22923722330629293,2.800085053174232,-2.708590872965575,8.14513908062486
MALATHION,1.4770351515226894,1.2384078874384215,1.7717293495423432,0.13147805760119394,-0.3044263199543936,0.3611552276618205,3.6028480514869177,-1.0751242432436912,8.58480332682295
PERMETHRIN,1.322177281793946,1.0059334469873824,1.5800020749109003,0.06960498807282073,-0.157145620996882,0.22615382268224601,18.722211648582615,11.658901104148267,25.101876711517896
CONTROL,1.3381949994396367,1.236990321538535,1.4444537402036457,0.09486090103710143,-0.17041263295178805,0.21620860940356013,3.6197277914524175,0.9909932732255449,5.758082529832688
