mu_A_rhat,mu_A_ess,sigma_A_rhat,sigma_A_ess,mu_mu_rhat,mu_mu_ess,sigma_mu_rhat,sigma_mu_ess,sigma_obs_rhat,sigma_obs_ess
1.0936432578594169,35.255409340142464,1.1512033355071651,19.76796234308006,2.557106186713772,4.802660948277022,1.5789765783963547,6.902374500140194,1.3535458971488257,106.57629292592412
