strain,A_mean,A_median,A_hdi_low,A_hdi_high,mu_mean,mu_median,mu_hdi_low,mu_hdi_high,lam_mean,lam_median,lam_hdi_low,lam_hdi_high
FlupyradifuroneANDLB-FLUPC8,1.4851425499507978,1.4852865618371247,1.4570799910737526,1.5238009907382155,0.6367269706684823,0.6167931422005404,0.41334747876876043,0.847527019594515,3.2567402119669326,3.2904007314579697,2.912313043196553,3.669298585005544
BifenthrinANDLB-BIF2,1.6187196679091775,1.6182569192917944,1.5737766918910239,1.664988881976315,0.17268903347199147,0.17127922900179327,0.15856257015363162,0.190185286649419,0.46489779013731103,0.47389161219779863,0.0825567432923191,0.8784948338854286
BifenthrinANDLB-BiF7,1.6331731614694582,1.6302373473170584,1.6026019923966452,1.6824273823273321,0.18930573957542818,0.18645620801189572,0.1739834881720648,0.21094946633126266,0.4171985093783897,0.3776861885185415,-0.03021165266923384,0.9236541613226605
