group,A_group_mean,A_group_hdi_low,A_group_hdi_high,mu_group_mean,mu_group_hdi_low,mu_group_hdi_high,lam_group_mean,lam_group_hdi_low,lam_group_hdi_high
BIFENTHRIN,1.6207140086265006,1.5675641920918013,1.7435886385030404,0.1876916042257147,0.14412080251904363,0.27111171549906354,0.5308588652341384,-0.2662333962155343,2.379609264649971
FLUPYRADIFURONE,1.494067062342547,1.3609406348767004,1.6160941619483862,0.6213483188652589,0.4318954960181422,0.8306207498811755,3.0197529702513966,1.6828045480233307,3.668279566965735
