mu_A_rhat,mu_A_ess,sigma_A_rhat,sigma_A_ess,mu_mu_rhat,mu_mu_ess,sigma_mu_rhat,sigma_mu_ess,sigma_obs_rhat,sigma_obs_ess
1.0567525539804432,87.25496938855692,1.098146264260626,29.153332823091404,1.5607176635721187,7.128679967447654,1.0342087259586779,190.23779321526064,1.0082687773091532,1130.1398391667196
