method,label,n_strains,n_success,n_failures,mean_r2,median_r2,std_r2,min_r2,pct_good,pct_excellent,mean_rmse,mean_a_err_pct,mean_mu_err_pct
adaptive_r2,Adaptive R²,44,44,0,0.9959097029398318,0.9982671261223698,0.004757419496931814,0.9850701270785056,100.0,100.0,0.02281203722325339,1.1022546258877248,2.0639915189631406
consensus,Consensus,44,44,0,0.9942268290357009,0.9974025022683162,0.0060483836697635945,0.9796219346938827,100.0,95.45454545454545,0.0300983452445671,0.8214998582474974,2.134458063326603
stationary_phase,Stationary Phase,44,44,0,0.9910917683977378,0.9939652803489869,0.008939882900586555,0.9645563848542548,100.0,86.36363636363636,0.037956435594158996,0.593506234965144,2.232893322266387
first_peak,First Peak,44,44,0,0.8355461539512096,0.9966234871959556,0.5930941409881,-1.3318700839177637,93.18181818181817,88.63636363636364,0.05624289125003507,5.126180674943468,3.452984459646793
gp_derivative,GP Derivative,44,0,44,,,,,0.0,0.0,,,
changepoint,Changepoint,44,0,44,,,,,0.0,0.0,,,
