method,label,n_strains,n_success,n_failures,mean_r2,median_r2,std_r2,min_r2,pct_good,pct_excellent,mean_rmse,mean_a_err_pct,mean_mu_err_pct
consensus,Consensus,57,57,0,0.9804234078522978,0.9962487231080465,0.07842772904330582,0.4054403583837515,96.49122807017544,85.96491228070175,0.029870566455373834,1.1697638063059979,2.6947039178962595
adaptive_r2,Adaptive R²,57,57,0,0.980042731378253,0.992363526727299,0.07916395780024162,0.3969228230988179,98.24561403508771,82.45614035087719,0.032330244536355204,0.7948267814592415,2.525017863419771
stationary_phase,Stationary Phase,57,57,0,0.9799280256832719,0.992363526727299,0.0780733973659963,0.4054403583837515,98.24561403508771,82.45614035087719,0.0325719460514924,0.8067631789277201,2.5523545253028637
first_peak,First Peak,57,57,0,0.9790149741106458,0.9972730678241828,0.08162644973157648,0.3969228230988179,94.73684210526315,89.47368421052632,0.025325409160590028,3.0166486811704414,3.141479618905673
gp_derivative,GP Derivative,57,57,0,0.9787292487953394,0.9967879346917995,0.07917788030200419,0.4054403583837515,94.73684210526315,84.21052631578947,0.027397291980374824,3.7209776675670847,3.2744321241978915
changepoint,Changepoint,57,56,1,0.7099048708272313,0.9892165616990418,0.802014715874594,-1.9109092746907157,87.5,73.21428571428571,0.07830763894942858,11.131036231862932,6.805243038135776
