method,label,n_strains,n_success,n_failures,mean_r2,median_r2,std_r2,min_r2,pct_good,pct_excellent,mean_rmse,mean_a_err_pct,mean_mu_err_pct
adaptive_r2,Adaptive R²,75,75,0,0.9746102527997215,0.9968445024090825,0.09631328617692575,0.40544035838379033,93.33333333333333,84.0,0.018425760590517336,1.3843313221153768,3.065922122964086
gp_derivative,GP Derivative,75,75,0,0.9737964784615815,0.9923807728332549,0.09558675567818145,0.40544035838379033,96.0,81.33333333333333,0.027146728571493632,1.6241965734992851,2.8427520295055575
consensus,Consensus,75,75,0,0.9733305826705875,0.9917047168000818,0.09575742698327991,0.40544035838379033,94.66666666666667,81.33333333333333,0.027185280715599097,0.9308832234433195,2.8941070573317473
stationary_phase,Stationary Phase,75,75,0,0.9652901199621069,0.9905890355119474,0.10369618159229742,0.40544035838379033,92.0,74.66666666666667,0.029833335838052324,1.6656682936804503,3.529614428331349
first_peak,First Peak,75,75,0,0.8514009808463427,0.9960411462421753,0.5306970125711774,-1.3318700839177637,89.33333333333333,82.66666666666667,0.04194553496563718,4.477082106455485,3.8280512764889076
changepoint,Changepoint,75,0,75,,,,,0.0,0.0,,,
