pesticide,Ki_median,Ki_mean,Ki_std,n_strains,mu_max_median,mu_max_mean,Ks_median,Ks_mean,haldane_r2_median,haldane_r2_mean,gompertz_r2_median,gompertz_r2_mean,n_haldane_preferred
BIFENTHRIN,9.962273101435873,10.971580263066297,2.128202210532988,4,4.999995381798582,4.999992278252296,0.14665694525331158,0.18022457804399292,0.9827367772522757,0.9826811057626488,0.9885572481981189,0.9882557205422982,0
PERMETHRIN,10.0027367741861,10.065622610643624,0.12754619738274559,4,2.5812340259590254,2.576232865336609,0.1122974012940193,0.1932720398508998,0.9815795845892252,0.9852251092597771,-0.2850777797535743,-0.28155557002711706,4
MALATHION,10.012611302217032,10.017290450278601,0.015047973241707339,4,1.049034371819064,0.9843698330932813,0.0021000533989172557,0.0028014002204282285,0.7883037869731451,0.7856156628634656,-2.379313066424421,-7.515330724258536,4
FLUPYRADIFURONE,10.083366739170291,10.083366739170291,,1,5.0,5.0,0.043286853559225215,0.043286853559225215,0.9820862902672433,0.9820862902672433,0.926106717303412,0.926106717303412,1
IMIDACLOPRID,10.092701390496082,10.23843050192017,0.35924147458365824,4,5.0,5.0,9.741507204552077,7.455159993224671,0.9911960198425744,0.9880877661193677,0.5433252855186879,0.538768780413059,4
LAMBDACYHALOTHRIN,10.094240981854197,9.979392209817783,0.24873655880307138,5,5.0,4.985228769993704,3.107073678450379,4.531092346678368,0.9685940402409445,0.9704188601040062,0.6851793741163916,0.6683163404750181,4
