pesticide,Ki_median,Ki_mean,Ki_std,n_strains,mu_max_median,mu_max_mean,Ks_median,Ks_mean,haldane_r2_median,haldane_r2_mean,gompertz_r2_median,gompertz_r2_mean,n_haldane_preferred
LAMBDACYHALOTHRIN,9.918634958190069,9.66476210597383,0.5248505847646737,5,4.999999917844406,4.912543877846434,3.1136332491443484,3.4413242508955237,0.9686167169372644,0.9704025919644744,0.9686310562759451,0.949397003694225,2
IMIDACLOPRID,9.987621062037928,10.090152736116902,0.21538014855524076,4,5.0,5.0,9.99987706407368,7.531191794823533,0.991195768530655,0.9880875107919316,0.9871302089121539,0.9807094411516898,4
BIFENTHRIN,10.000326643396487,10.0805690704296,0.29530613290126606,4,4.999983664638242,4.999981024746997,0.09628318964104357,0.2912336501832564,0.9827411860223818,0.982677654328349,0.9883706373866683,0.9883211122245293,0
PERMETHRIN,10.001143187527738,10.009629064906141,0.019533116596415732,4,2.5803702396150876,2.565308014149391,0.11277123404829004,0.7789859146104068,0.9815731867192761,0.9790831878692806,0.930981690017845,0.9328083762894135,3
MALATHION,10.014330055326207,10.016691559553214,0.012347036476986796,5,1.0400743982662695,1.0012419878279193,0.001,0.0024481648013355817,0.810093387610344,0.7933641181223962,-1.4465610451145485,-1.4406326802085498,5
FLUPYRADIFURONE,10.278467235812002,10.278467235812002,,1,3.197978873290869,3.197978873290869,1.4011470733885292,1.4011470733885292,0.979090594127582,0.979090594127582,0.976323864533412,0.976323864533412,1
