pesticide,Ki_median,Ki_mean,Ki_std,n_strains,mu_max_median,mu_max_mean,Ks_median,Ks_mean,haldane_r2_median,haldane_r2_mean,gompertz_r2_median,gompertz_r2_mean,n_haldane_preferred
FLUPYRADIFURONE,9.98628970141693,9.98628970141693,,1,4.78408094878068,4.78408094878068,1.6146647914343168,1.6146647914343168,0.9813395147961724,0.9813395147961724,0.9261067169348606,0.9261067169348606,1
PERMETHRIN,10.009263629300733,10.020410196262075,0.0259311467074258,3,5.0,3.3874917832296654,0.12711582763354642,0.1729425627329075,0.9818973736792216,0.986966982450994,-1.5476968717881805,-0.7012545292204124,3
MALATHION,10.012548624724069,10.017606924869522,0.015891583966798583,4,1.0489425308880038,0.9913431292503976,0.001,0.0015454787559490359,0.7883116495955784,0.7856196452188549,-2.379313066316193,-7.515330709923772,4
BIFENTHRIN,10.027788264566336,11.604144621849795,3.2364099132768205,4,4.9999999743742265,4.999999765329743,0.1621999398262465,0.1719146909362333,0.9827442215759553,0.9826792450410273,0.9885572481981176,0.9882557205421044,0
LAMBDACYHALOTHRIN,10.052567163257057,9.997009360021025,0.15253063723954244,5,5.0,4.999999782095405,2.612697704394561,3.9399193841852993,0.9686168868262623,0.9704244321807515,0.685179374442393,0.6683163403105994,4
IMIDACLOPRID,10.058967799767977,10.082266698655625,0.09502498141286768,4,5.0,4.97626267838328,9.004425715931177,8.081724863843489,0.9911914390935527,0.9880837730130461,0.5433624965957599,0.5343224024513242,4
